<?xml version="1.0" encoding="UTF-8" standalone="yes"?>
<addon id="repository.smokdpi" name="smokdpi's Add-ons" version="0.0.1" provider-name="smokdpi">
	<extension point="xbmc.addon.repository" name="smokdpi's Add-ons">
		<info compressed="false">https://raw.githubusercontent.com/smokdpi/kodi/master/addons.xml</info>
		<checksum>https://raw.githubusercontent.com/smokdpi/kodi/master/addons.xml.md5</checksum>
		<datadir zip="true">https://raw.githubusercontent.com/smokdpi/kodi/master/</datadir>
	</extension>
	<extension point="xbmc.addon.metadata">
		<summary>Install smokdpi's add-ons</summary>
		<description>Download and install add-ons by smokdpi</description>
		<platform>all</platform>
	</extension>
</addon>